dataset,vehicle_num,distance_travelled
1,1,13.39755158210619
1,2,17.01557085459692
2,1,15.487620574212361
2,2,16.28561428296195
